Unnamed: 0,Total Loss,Loss avg,loss_stage1_L1 value,loss_stage1_L1 avg,loss_stage1_L2 value,loss_stage1_L2 avg,loss_stage2_L1 value,loss_stage2_L1 avg,loss_stage2_L2 value,loss_stage2_L2 avg,loss_stage3_L1 value,loss_stage3_L1 avg,loss_stage3_L2 value,loss_stage3_L2 avg,loss_stage4_L1 value,loss_stage4_L1 avg,loss_stage4_L2 value,loss_stage4_L2 avg,loss_stage5_L1 value,loss_stage5_L1 avg,loss_stage5_L2 value,loss_stage5_L2 avg,loss_stage6_L1 value,loss_stage6_L1 avg,loss_stage6_L2 value,loss_stage6_L2 avg,max_ht value,max_ht avg,min_ht value,min_ht avg,max_paf value,max_paf avg,min_paf value,min_paf avg
,0.3284972310066223,0.3284972310066223,0.0032194401137530804,0.0032194401137530804,0.05154670029878616,0.05154670029878616,0.0032200284767895937,0.0032200284767895937,0.05150501802563667,0.05150501802563667,0.003219081787392497,0.003219081787392497,0.05154392123222351,0.05154392123222351,0.003219072474166751,0.003219072474166751,0.05154221132397652,0.05154221132397652,0.0032191507052630186,0.0032191507052630186,0.05152767151594162,0.05152767151594162,0.0032190424390137196,0.0032190424390137196,0.051515914499759674,0.051515914499759674,0.0015147371450439095,0.0015147371450439095,-0.0018389211036264896,-0.0018389211036264896,0.001517201540991664,0.001517201540991664,-0.0012177237076684833,-0.0012177237076684833
